[
  {
    "thread_type": "BSP",
    "dash": "O4",
    "inch": "1/4\"",
    "thread": "1/4\"",
    "variant": "standard"
  },
  {
    "thread_type": "BSP",
    "dash": "O5",
    "inch": "5/16\"",
    "thread": "5/16\"",
    "variant": "lower join"
  },
  {
    "thread_type": "BSP",
    "dash": "O6",
    "inch": "3/8\"",
    "thread": "3/8\"",
    "variant": null
  },
  {
    "thread_type": "BSP",
    "dash": "O8",
    "inch": "1/2\"",
    "thread": "1/2\"",
    "variant": null
  },
  {
    "thread_type": "BSP",
    "dash": "10",
    "inch": "5/8\"",
    "thread": "5/8\"",
    "variant": null
  },
  {
    "thread_type": "BSP",
    "dash": "12",
    "inch": "3/4\"",
    "thread": "3/4\"",
    "variant": null
  },
  {
    "thread_type": "BSP",
    "dash": "16",
    "inch": "1\"",
    "thread": "1\"",
    "variant": null
  },
  {
    "thread_type": "BSP",
    "dash": "20",
    "inch": "1-1/4\"",
    "thread": "1-1/4\"",
    "variant": null
  },
  {
    "thread_type": "BSP",
    "dash": "24",
    "inch": "1-1/2\"",
    "thread": "1-1/2\"",
    "variant": null
  },
  {
    "thread_type": "BSP",
    "dash": "32",
    "inch": "2\"",
    "thread": "2\"",
    "variant": "upper join"
  },
  {
    "thread_type": "JIC",
    "dash": "O4",
    "inch": "1/4\"",
    "thread": "7/16\"",
    "variant": "standard"
  },
  {
    "thread_type": "JIC",
    "dash": "O5",
    "inch": "5/16\"",
    "thread": "1/2\"",
    "variant": "lower join"
  },
  {
    "thread_type": "JIC",
    "dash": "O6",
    "inch": "3/8\"",
    "thread": "9/16\"",
    "variant": null
  },
  {
    "thread_type": "JIC",
    "dash": "O8",
    "inch": "1/2\"",
    "thread": "3/4\"",
    "variant": null
  },
  {
    "thread_type": "JIC",
    "dash": "10",
    "inch": "5/8\"",
    "thread": "7/8\"",
    "variant": null
  },
  {
    "thread_type": "JIC",
    "dash": "12",
    "inch": "3/4\"",
    "thread": "1-1/16\"",
    "variant": null
  },
  {
    "thread_type": "JIC",
    "dash": "16",
    "inch": "1\"",
    "thread": "1-5/16\"",
    "variant": null
  },
  {
    "thread_type": "JIC",
    "dash": "20",
    "inch": "1-1/4\"",
    "thread": "1-5/8\"",
    "variant": null
  },
  {
    "thread_type": "JIC",
    "dash": "24",
    "inch": "1-1/2\"",
    "thread": "1-7/8\"",
    "variant": null
  },
  {
    "thread_type": "JIC",
    "dash": "32",
    "inch": "2\"",
    "thread": "2-1/2\"",
    "variant": "upper join"
  },
  {
    "thread_type": "NPT",
    "dash": "O4",
    "inch": "1/4\"",
    "thread": "1/4\"",
    "variant": "standard"
  },
  {
    "thread_type": "NPT",
    "dash": "O6",
    "inch": "3/8\"",
    "thread": "3/8\"",
    "variant": null
  },
  {
    "thread_type": "NPT",
    "dash": "O8",
    "inch": "1/2\"",
    "thread": "1/2\"",
    "variant": null
  },
  {
    "thread_type": "NPT",
    "dash": "12",
    "inch": "3/4\"",
    "thread": "3/4\"",
    "variant": null
  },
  {
    "thread_type": "NPT",
    "dash": "16",
    "inch": "1\"",
    "thread": "1\"",
    "variant": null
  },
  {
    "thread_type": "NPT",
    "dash": "20",
    "inch": "1-1/4\"",
    "thread": "1-1/4\"",
    "variant": null
  },
  {
    "thread_type": "NPT",
    "dash": "24",
    "inch": "1-1/2\"",
    "thread": "1-1/2\"",
    "variant": null
  },
  {
    "thread_type": "NPT",
    "dash": "32",
    "inch": "2\"",
    "thread": "2\"",
    "variant": "upper join"
  },
  {
    "thread_type": "Metric Light",
    "dash": "O4",
    "pipe_od": "O6",
    "thread": "M12X1.5",
    "variant": null
  },
  {
    "thread_type": "Metric Light",
    "dash": "O6",
    "pipe_od": "O8",
    "thread": "M14X1.5",
    "variant": null
  },
  {
    "thread_type": "Metric Light",
    "dash": "O8",
    "pipe_od": "10",
    "thread": "M16X1.5",
    "variant": null
  },
  {
    "thread_type": "Metric Light",
    "dash": "10",
    "pipe_od": "12",
    "thread": "M18X1.5",
    "variant": null
  },
  {
    "thread_type": "Metric Light",
    "dash": "12",
    "pipe_od": "15",
    "thread": "M22X1.5",
    "variant": null
  },
  {
    "thread_type": "Metric Light",
    "dash": "16",
    "pipe_od": "18",
    "thread": "M26X1.5",
    "variant": null
  },
  {
    "thread_type": "Metric Light",
    "dash": "20",
    "pipe_od": "22",
    "thread": "M30X2.0",
    "variant": null
  },
  {
    "thread_type": "Metric Light",
    "dash": "24",
    "pipe_od": "28",
    "thread": "M36X2.0",
    "variant": null
  },
  {
    "thread_type": "Metric Light",
    "dash": "32",
    "pipe_od": "42",
    "thread": "M52X2.0",
    "variant": null
  },
  {
    "thread_type": "Metric Heavy",
    "dash": "O4",
    "pipe_od": "O6",
    "thread": "M14X1.5",
    "variant": null
  },
  {
    "thread_type": "Metric Heavy",
    "dash": "O6",
    "pipe_od": "O8",
    "thread": "M16X1.5",
    "variant": null
  },
  {
    "thread_type": "Metric Heavy",
    "dash": "O8",
    "pipe_od": "10",
    "thread": "M18X1.5",
    "variant": null
  },
  {
    "thread_type": "Metric Heavy",
    "dash": "10",
    "pipe_od": "12",
    "thread": "M20X1.5",
    "variant": null
  },
  {
    "thread_type": "Metric Heavy",
    "dash": "12",
    "pipe_od": "14",
    "thread": "M22X1.5",
    "variant": null
  },
  {
    "thread_type": "Metric Heavy",
    "dash": "16",
    "pipe_od": "16",
    "thread": "M24X1.5",
    "variant": null
  },
  {
    "thread_type": "Metric Heavy",
    "dash": "20",
    "pipe_od": "20",
    "thread": "M30X2.0",
    "variant": null
  },
  {
    "thread_type": "Metric Heavy",
    "dash": "24",
    "pipe_od": "25",
    "thread": "M36X2.0",
    "variant": null
  },
  {
    "thread_type": "Metric Heavy",
    "dash": "32",
    "pipe_od": "30",
    "thread": "M42X2.0",
    "variant": null
  }
]
